model,accuracy,f1_score,precision,recall,roc_auc,fpr_at_90_recall,recall_at_10_fpr,true_positives,false_positives,true_negatives,false_negatives,caught_anomalies,missed_anomalies,false_alarms,total_test_samples,total_anomalies
Linear Classifier (Logistic Regression),0.6418594732913957,0.2523926107277988,0.15221476510067114,0.73828125,0.7549037931134596,0.6343049587736616,0.40625,567,3158,5453,201,567,201,3158,9379,768
Nearest Neighbors,0.9043608060560827,0.11625615763546798,0.2388663967611336,0.07682291666666667,0.584674051237758,1.0,0.07682291666666667,59,188,8423,709,59,709,188,9379,768
Linear SVM,0.5550698368696023,0.23049972340033192,0.13426423200859292,0.8138020833333334,0.7324500759687222,0.6253629079084891,0.2916666666666667,625,4030,4581,143,625,143,4030,9379,768
RBF SVM,0.6314105981447915,0.24503166630268616,0.14720545788506953,0.73046875,0.6980250854043277,0.8155847172221578,0.2526041666666667,561,3250,5361,207,561,207,3250,9379,768
Decision Tree,0.6351423392685788,0.24525805028672254,0.14763674986723313,0.7239583333333334,0.7193766965944722,0.8756242016026013,0.18619791666666666,556,3210,5401,212,556,212,3210,9379,768
Random Forest,0.9173685894018552,0.04438964241676942,0.4186046511627907,0.0234375,0.7230753330284908,0.7246545116711184,0.3346354166666667,18,25,8586,750,18,750,25,9379,768
AdaBoost,0.9176884529267513,0.03980099502487562,0.4444444444444444,0.020833333333333332,0.7186460420053807,0.757519451863895,0.3229166666666667,16,20,8591,752,16,752,20,9379,768
Naive Bayes,0.8308988165049579,0.3074235807860262,0.23127463863337713,0.4583333333333333,0.7526051495422522,0.6188595981883637,0.4010416666666667,352,1170,7441,416,352,416,1170,9379,768
