model,accuracy,f1_score,precision,recall,roc_auc,fpr_at_90_recall,recall_at_10_fpr,true_positives,false_positives,true_negatives,false_negatives,caught_anomalies,missed_anomalies,false_alarms,total_test_samples,total_anomalies
Linear Classifier (Logistic Regression),0.519733185102835,0.18898623279098872,0.10863309352517986,0.7259615384615384,0.6838027774774914,0.7466372214414776,0.3004807692307692,302,2478,2503,114,302,114,2478,5397,416
Nearest Neighbors,0.9225495645729109,0.0,0.0,0.0,0.5006995332262598,0.918691025898414,0.057692307692307696,0,2,4979,416,0,416,2,5397,416
Linear SVM,0.6192329071706504,0.21234189344576465,0.12631098951208392,0.6658653846153846,0.6753750791469121,0.7970287090945594,0.2764423076923077,277,1916,3065,139,277,139,1916,5397,416
RBF SVM,0.6192329071706504,0.21234189344576465,0.12631098951208392,0.6658653846153846,0.5948445438821366,0.8470186709496085,0.0985576923076923,277,1916,3065,139,277,139,1916,5397,416
Decision Tree,0.9188438021122846,0.039473684210526314,0.225,0.021634615384615384,0.3998137634549751,0.9369604497088938,0.07932692307692307,9,31,4950,407,9,407,31,5397,416
Random Forest,0.9229201408189736,0.0,0.0,0.0,0.5851121280095131,0.825938566552901,0.14903846153846154,0,0,4981,416,0,416,0,5397,416
AdaBoost,0.9229201408189736,0.0,0.0,0.0,0.5686097555325622,0.897209395703674,0.21153846153846154,0,0,4981,416,0,416,0,5397,416
Naive Bayes,0.0770798591810265,0.14312747290555652,0.0770798591810265,1.0,0.5,0.918691025898414,0.057692307692307696,416,4981,0,0,416,0,4981,5397,416
