model,accuracy,f1_score,precision,recall,roc_auc,fpr_at_90_recall,recall_at_10_fpr,true_positives,false_positives,true_negatives,false_negatives,caught_anomalies,missed_anomalies,false_alarms,total_test_samples,total_anomalies
Linear Classifier (Logistic Regression),0.5341884201969108,0.3097309597108821,0.19232047872340424,0.7951890034364261,0.7063504554265227,0.6891638935108153,0.2927835051546392,1157,4859,4757,298,1157,298,4859,11071,1455
Nearest Neighbors,0.8376840393821696,0.1406025824964132,0.23113207547169812,0.10103092783505155,0.5700991617636127,0.8803036605657238,0.17869415807560138,147,489,9127,1308,147,1308,489,11071,1455
Linear SVM,0.43482973534459396,0.29018718094157686,0.17377717391304348,0.8790378006872852,0.6832033237845286,0.6890599001663894,0.21786941580756014,1279,6081,3535,176,1279,176,6081,11071,1455
RBF SVM,0.5506277662361123,0.31046431046431044,0.19444444444444445,0.7697594501718213,0.6740715645745063,0.7472961730449251,0.18762886597938144,1120,4640,4976,335,1120,335,4640,11071,1455
Decision Tree,0.5910938487941468,0.3062068965517241,0.1970414201183432,0.6865979381443299,0.6609821974830037,0.742720465890183,0.20824742268041238,999,4071,5545,456,999,456,4071,11071,1455
Random Forest,0.8657754493722337,0.023653088042049936,0.26865671641791045,0.012371134020618556,0.6547838010532273,0.716202163061564,0.21030927835051547,18,49,9567,1437,18,1437,49,11071,1455
AdaBoost,0.8679432752235571,0.04068241469816273,0.4492753623188406,0.021305841924398626,0.6818275740318255,0.709234608985025,0.23986254295532647,31,38,9578,1424,31,1424,38,11071,1455
Naive Bayes,0.7366091590642219,0.33485401459854014,0.25059747354045747,0.50446735395189,0.6981387692905867,0.7028910149750416,0.27697594501718215,734,2195,7421,721,734,721,2195,11071,1455
