model,accuracy,f1_score,precision,recall,roc_auc,fpr_at_90_recall,recall_at_10_fpr,true_positives,false_positives,true_negatives,false_negatives,caught_anomalies,missed_anomalies,false_alarms,total_test_samples,total_anomalies
Linear Classifier (Logistic Regression),0.12001104819776275,0.21430332922318127,0.12001104819776275,1.0,0.6944330669926035,0.6785938480853735,0.25891829689298046,869,6372,0,0,869,0,6372,7241,869
Nearest Neighbors,0.8384201077199281,0.07728706624605679,0.12280701754385964,0.05638665132336018,0.5112504036286486,0.8935969868173258,0.11047180667433831,49,350,6022,820,49,820,350,7241,869
Linear SVM,0.5325231321640658,0.2848087893513628,0.17443064182194618,0.7756041426927502,0.6335086183294723,0.8006905210295041,0.15880322209436135,674,3190,3182,195,674,195,3190,7241,869
RBF SVM,0.5325231321640658,0.2848087893513628,0.17443064182194618,0.7756041426927502,0.6255804306383581,0.7725988700564972,0.10701956271576525,674,3190,3182,195,674,195,3190,7241,869
Decision Tree,0.41071675182985773,0.25415137213773814,0.1498351195383347,0.8365937859608745,0.6322354272901366,0.7471751412429378,0.23014959723820483,727,4125,2247,142,727,142,4125,7241,869
Random Forest,0.8799889518022372,0.0,0.0,0.0,0.5500855295427276,0.8155994978028877,0.1323360184119678,0,0,6372,869,0,869,0,7241,869
AdaBoost,0.8652119872945726,0.1223021582733813,0.27983539094650206,0.07825086306098965,0.6752308177967907,0.7396421845574388,0.25431530494821636,68,175,6197,801,68,801,175,7241,869
Naive Bayes,0.12001104819776275,0.21430332922318127,0.12001104819776275,1.0,0.5,0.8838669177652229,0.12197928653624857,869,6372,0,0,869,0,6372,7241,869
