model,accuracy,f1_score,precision,recall,roc_auc,fpr_at_90_recall,recall_at_10_fpr,true_positives,false_positives,true_negatives,false_negatives,caught_anomalies,missed_anomalies,false_alarms,total_test_samples,total_anomalies
Linear Classifier (Logistic Regression),0.7555555555555555,0.14838709677419354,0.08436497019715727,0.6153846153846154,0.7245407803416175,0.8138112936098789,0.4682274247491639,184,1997,6344,115,184,115,1997,8640,299
Nearest Neighbors,0.9625,0.07428571428571429,0.2549019607843137,0.043478260869565216,0.5673431279343406,1.0,0.21739130434782608,13,38,8303,286,13,286,38,8640,299
Linear SVM,0.7434027777777777,0.14235976789168278,0.0804899387576553,0.6153846153846154,0.6774014729191619,0.8054190145066539,0.24414715719063546,184,2102,6239,115,184,115,2102,8640,299
RBF SVM,0.7799768518518518,0.12597701149425286,0.0730277185501066,0.45819397993311034,0.65735864142113,0.8446229468888622,0.23076923076923078,137,1739,6602,162,137,162,1739,8640,299
Decision Tree,0.7769675925925926,0.12686905301314,0.07337526205450734,0.4682274247491639,0.6037450896345931,1.0,0.13043478260869565,140,1768,6573,159,140,159,1768,8640,299
Random Forest,0.9645833333333333,0.0,0.0,0.0,0.6817106857009276,1.0,0.32441471571906355,0,7,8334,299,0,299,7,8640,299
AdaBoost,0.9652777777777778,0.0,0.0,0.0,0.6846612153607978,0.9001318786716221,0.391304347826087,0,1,8340,299,0,299,1,8640,299
Naive Bayes,0.8927083333333333,0.22942643391521197,0.15265486725663716,0.46153846153846156,0.717234124538535,0.7925908164488671,0.4782608695652174,138,766,7575,161,138,161,766,8640,299
