model,accuracy,f1_score,precision,recall,roc_auc,fpr_at_90_recall,recall_at_10_fpr,true_positives,false_positives,true_negatives,false_negatives,caught_anomalies,missed_anomalies,false_alarms,total_test_samples,total_anomalies
Linear Classifier (Logistic Regression),0.03485254691689008,0.06735751295336788,0.03485254691689008,1.0,0.7100762403277197,0.7677350427350428,0.4378698224852071,169,4680,0,0,169,0,4680,4849,169
Nearest Neighbors,0.9653536811713755,0.023255813953488372,0.6666666666666666,0.011834319526627219,0.44480984170333276,0.9517094017094017,0.10059171597633136,2,1,4679,167,2,167,1,4849,169
Linear SVM,0.8141884924726748,0.16341689879294335,0.09691629955947137,0.5207100591715976,0.6785534567339301,0.7638888888888888,0.23076923076923078,88,820,3860,81,88,81,820,4849,169
RBF SVM,0.8141884924726748,0.16186046511627908,0.09602649006622517,0.514792899408284,0.685381580943711,0.780982905982906,0.17751479289940827,87,819,3861,82,87,82,819,4849,169
Decision Tree,0.7863477005568158,0.056466302367941715,0.03336921420882669,0.1834319526627219,0.5007194153643858,0.994017094017094,0.13609467455621302,31,898,3782,138,31,138,898,4849,169
Random Forest,0.9649412249948442,0.0,0.0,0.0,0.6371933950336317,0.7965811965811965,0.24260355029585798,0,1,4679,169,0,169,1,4849,169
AdaBoost,0.9651474530831099,0.055865921787709494,0.5,0.029585798816568046,0.6565632428058463,0.8279914529914529,0.378698224852071,5,5,4675,164,5,164,5,4849,169
Naive Bayes,0.03485254691689008,0.06735751295336788,0.03485254691689008,1.0,0.5,0.9002136752136752,0.05917159763313609,169,4680,0,0,169,0,4680,4849,169
